,open,high,close,low,volume,price_change,p_change,ma5,ma10,ma20,v_ma5,v_ma10,v_ma20,turnover,predict
0,17.82,21.38,21.38,17.82,127.58,6.53,43.97,21.38,21.38,21.38,127.58,127.58,127.58,0.04,23.52
1,23.52,23.52,23.52,23.52,61.59,2.14,10.01,22.45,22.45,22.45,94.59,94.59,94.59,0.02,25.87
2,25.87,25.87,25.87,25.87,56.59,2.35,9.99,23.59,23.59,23.59,81.92,81.92,81.92,0.02,28.46
3,28.46,28.46,28.46,28.46,20.0,2.59,10.01,24.808000000000003,24.808000000000003,24.808000000000003,66.44,66.44,66.44,0.01,31.31
4,31.31,31.31,31.31,31.31,78.83,2.85,10.01,26.108,26.108,26.108,68.92,68.92,68.92,0.02,34.44
5,34.44,34.44,34.44,34.44,95.99,3.13,10.0,28.72,27.497,27.497,62.6,73.43,73.43,0.03,37.88
6,37.88,37.88,37.88,37.88,203.59,3.44,9.99,31.592,28.98,28.98,91.0,92.02,92.02,0.06,41.67
7,41.67,41.67,41.67,41.67,394.9,3.79,10.01,34.751999999999995,30.566,30.566,158.66,129.88,129.88,0.12,45.84
8,45.84,45.84,45.84,45.84,1966.88,4.17,10.01,38.228,32.263000000000005,32.263000000000005,548.04,333.99,333.99,0.6,45.0
9,45.0,49.0,42.54,41.6,176101.02,-3.3,-7.2,40.474000000000004,33.291,33.291,35752.48,17910.7,17910.7,53.36,40.03
10,40.03,41.1,38.29,38.29,115802.65,-4.25,-9.99,41.244,34.982,33.745,58893.81,29478.2,26809.97,35.09,37.55
11,37.55,38.3,36.04,36.04,85939.29,-2.25,-5.88,40.876,36.234,33.937,76040.95,38065.97,31737.41,26.04,35.5
12,35.5,36.68,34.8,33.1,72094.0,-1.24,-3.44,39.501999999999995,37.126999999999995,34.003,90380.77,45269.72,34841.76,21.85,34.8
13,34.8,36.76,35.8,32.67,90381.26,1.0,2.87,37.494,37.861,34.131,108063.64,54305.84,38808.87,27.39,34.8
14,34.8,34.98,33.13,33.03,63396.46,-2.67,-7.46,35.611999999999995,38.043,34.065,85522.73,60637.6,40448.04,19.21,32.4
15,32.4,33.64,32.57,31.88,48870.38,-0.56,-1.69,34.468,37.856,33.971,72136.28,65515.04,40974.44,14.81,32.61
16,32.61,34.33,33.7,32.47,52613.74,1.13,3.47,34.0,37.438,33.955,65471.17,70756.06,41659.1,15.94,33.55
17,33.55,34.97,34.23,33.42,45307.12,0.53,1.57,33.885999999999996,36.694,33.971,60113.79,75247.28,41861.77,13.73,34.09
18,34.09,34.18,32.88,32.87,36686.03,-1.35,-3.94,33.302,35.398,33.913000000000004,49374.75,78719.19,41589.36,11.12,32.7
19,32.7,34.39,33.64,32.5,33327.0,0.76,2.31,33.404,34.508,33.9,43360.85,64441.79,41176.24,10.1,33.42
20,33.42,33.99,33.85,33.15,31438.23,0.21,0.62,33.66,34.064,34.523,39874.42,56005.35,42741.78,9.53,33.7
21,33.7,34.78,34.34,33.15,37209.81,0.49,1.45,33.788000000000004,33.894,35.064,36793.64,51132.4,44599.19,11.28,34.69
22,34.69,37.77,37.77,34.69,91696.33,3.43,9.99,34.496,34.191,35.659,46071.48,53092.64,49181.18,27.79,37.85
23,37.85,39.7,38.6,37.5,114932.21,0.83,2.2,35.64,34.471,36.166,61720.72,55547.73,54926.79,34.83,38.01
24,38.01,40.6,39.53,37.3,95661.84,0.93,2.41,36.818000000000005,35.111,36.577,74187.68,58774.27,59705.94,28.99,39.0
25,39.0,39.43,38.27,37.88,66965.55,-1.26,-3.19,37.702,35.681,36.769,81293.15,60583.79,63049.41,20.29,37.9
26,37.9,38.32,36.3,36.2,63707.96,-1.97,-5.15,38.094,35.941,36.69,86592.78,61693.21,66224.63,19.31,36.45
27,36.45,39.93,39.93,36.3,97289.77,3.63,10.0,38.525999999999996,36.510999999999996,36.603,87711.47,66891.47,71069.38,29.48,40.48
28,40.48,41.49,39.9,39.09,112091.44,-0.03,-0.07,38.786,37.213,36.305,87143.31,74432.01,76575.6,33.97,40.6
29,40.6,42.5,40.51,40.2,99698.65,0.61,1.53,38.982,37.9,36.204,87950.67,81069.18,72755.49,30.21,39.58
30,39.58,40.38,39.8,38.53,64015.19,-0.71,-1.75,39.288000000000004,38.495,36.28,87360.6,84326.88,70166.11,19.4,39.33
31,39.33,41.26,38.8,38.55,58304.25,-1.0,-2.51,39.788000000000004,38.941,36.418,86279.86,86436.32,68784.36,17.67,38.1
32,38.1,38.49,37.65,36.02,58255.83,-1.15,-2.96,39.332,38.929,36.56,78473.07,83092.27,68092.45,17.65,37.64
33,37.64,40.35,39.35,37.2,57682.44,1.7,4.51,39.222,39.004,36.738,67591.27,77367.29,66457.51,17.48,39.0
34,39.0,39.46,38.68,38.0,42335.65,-0.67,-1.7,38.856,38.919000000000004,37.015,56118.67,72034.67,65404.47,12.83,38.36
35,38.36,40.49,40.06,38.36,66834.83,1.38,3.57,38.908,39.098,37.39,56682.6,72021.6,66302.69,20.25,39.9
36,39.9,41.57,40.68,39.71,77054.4,0.62,1.55,39.284,39.536,37.739000000000004,60432.63,73356.25,67524.73,23.35,40.0
37,40.0,41.89,41.27,39.66,67297.74,0.59,1.45,40.008,39.67,38.091,62241.01,70357.04,68624.26,20.39,41.01
38,41.01,41.15,40.89,39.8,50135.73,-0.38,-0.92,40.316,39.769,38.491,60731.67,64161.47,69296.74,15.19,40.59
39,40.59,41.25,39.33,39.27,48502.85,-1.56,-3.81,40.446,39.650999999999996,38.775999999999996,61965.11,59041.89,70055.54,14.7,39.16
40,39.16,40.53,39.85,39.16,41647.45,0.52,1.32,40.404,39.656,39.076,56927.63,56805.12,70566.0,12.62,39.55
41,39.55,39.55,38.98,38.42,49683.06,-0.87,-2.18,40.064,39.674,39.308,51453.37,55943.0,71189.66,15.06,38.96
42,38.96,40.57,40.37,38.8,48084.16,1.39,3.57,39.884,39.946,39.437,47610.65,54925.83,69009.05,14.57,40.22
43,40.22,41.6,41.59,40.21,73193.41,1.22,3.02,40.024,40.17,39.586999999999996,52222.19,56476.93,66922.11,22.18,41.5
44,41.5,42.7,42.37,41.35,85085.63,0.78,1.88,40.632,40.539,39.729,59538.74,60751.93,66393.3,25.78,42.11
45,42.11,42.11,40.9,40.45,57801.58,-1.47,-3.47,40.842,40.623000000000005,39.86,62769.57,59848.6,65935.1,17.52,40.81
46,40.81,41.96,40.9,40.66,47793.22,0.0,0.0,41.226000000000006,40.645,40.09,62391.6,56922.48,65139.36,14.48,40.8
47,40.8,41.88,41.76,39.66,49359.33,0.86,2.1,41.504,40.694,40.181999999999995,62646.63,55128.64,62742.84,14.96,41.69
48,41.69,43.2,42.32,41.5,85052.22,0.56,1.34,41.65,40.836999999999996,40.303000000000004,65018.4,58620.29,61390.88,25.77,41.83
49,41.83,42.99,42.19,41.6,53238.72,-0.13,-0.31,41.614,41.123000000000005,40.387,58649.01,59093.88,59067.88,16.13,42.3
50,42.3,44.39,43.6,42.3,82196.78,1.41,3.34,42.153999999999996,41.498000000000005,40.577,63528.05,63148.81,59976.96,24.91,43.2
51,43.2,44.3,41.54,41.0,82477.88,-2.06,-4.72,42.282,41.754,40.714,70464.99,66428.29,61185.65,24.99,41.6
52,41.6,43.29,43.18,41.31,48956.73,1.64,3.95,42.566,42.035,40.99100000000001,70384.47,66515.55,60720.69,14.84,43.2
53,43.2,44.19,43.87,42.62,62200.89,0.69,1.6,42.876000000000005,42.263000000000005,41.217,65814.2,65416.3,60946.61,18.85,43.41
54,43.41,44.46,44.03,42.8,63799.63,0.16,0.36,43.244,42.428999999999995,41.483999999999995,67926.38,63287.7,62019.81,19.33,43.95
55,43.95,44.49,43.41,41.72,63639.94,-0.62,-1.41,43.206,42.68,41.652,64215.01,63871.53,61860.07,19.28,42.99
56,42.99,44.1,43.41,42.9,46767.02,0.0,0.0,43.58,42.931000000000004,41.788000000000004,57072.84,63768.91,60345.7,14.17,43.59
57,43.59,43.86,43.26,42.4,38636.06,-0.15,-0.35,43.596000000000004,43.081,41.888000000000005,55008.71,62696.59,58912.61,11.71,43.1
58,43.1,43.66,41.36,41.32,45749.12,-1.9,-4.39,43.093999999999994,42.985,41.911,51718.35,58766.28,58693.28,13.86,41.01
59,41.01,41.27,37.81,37.75,57557.36,-3.55,-8.58,41.85,42.547,41.835,50469.9,59198.14,59146.01,17.44,37.5
60,37.5,37.5,36.63,35.9,36748.94,-1.18,-3.12,40.494,41.85,41.674,45091.7,54653.36,58901.08,11.14,36.7
61,36.7,37.41,36.49,36.06,22971.26,-0.14,-0.38,39.11,41.345,41.55,40332.55,48702.69,57565.49,6.96,36.47
62,36.47,37.26,37.17,36.01,20370.04,0.68,1.86,37.891999999999996,40.744,41.39,36679.34,45844.03,56179.79,6.17,37.12
63,37.12,37.88,37.36,36.71,23087.84,0.19,0.51,37.092,40.093,41.178000000000004,32147.09,41932.72,53674.51,7.0,37.2
64,37.2,37.4,36.15,36.15,22576.8,-1.21,-3.24,36.76,39.305,40.867,25150.98,37810.44,50549.07,6.84,35.3
65,35.3,35.3,32.58,32.58,42886.46,-3.57,-9.88,35.95,38.222,40.451,26378.48,35735.09,49803.31,13.0,32.75
66,32.75,33.52,33.5,32.5,23721.97,0.92,2.82,35.352,37.231,40.080999999999996,26528.62,33430.59,48599.75,7.19,33.41
67,33.41,33.43,32.66,32.61,16097.29,-0.84,-2.51,34.45,36.171,39.626,25674.07,31176.71,46936.65,4.88,32.6
68,32.6,33.24,32.74,32.38,12716.67,0.08,0.24,33.525999999999996,35.309,39.147,23599.84,27873.46,43319.87,3.85,32.65
69,32.65,32.65,32.03,31.92,12253.45,-0.71,-2.17,32.702,34.731,38.639,21535.17,23343.07,41270.61,3.71,31.09
70,31.09,31.09,30.37,30.02,17667.36,-1.66,-5.18,32.26,34.105,37.978,16491.35,21434.91,38044.14,5.35,30.67
71,30.67,30.96,30.32,30.21,10214.69,-0.05,-0.17,31.624000000000002,33.488,37.417,13789.89,20159.26,34430.98,3.1,30.3
72,30.3,31.25,31.1,30.01,14597.1,0.78,2.57,31.311999999999998,32.881,36.813,13489.85,19581.96,32712.99,4.42,30.94
73,30.94,31.55,30.74,30.34,14232.01,-0.36,-1.16,30.912,32.219,36.156,13792.92,18696.38,30314.55,4.31,30.55
74,30.55,31.0,30.69,30.55,7783.62,-0.05,-0.16,30.644000000000002,31.673000000000002,35.489000000000004,12898.96,17217.06,27513.75,2.36,30.4
75,30.4,30.45,29.3,29.16,13740.67,-1.39,-4.53,30.43,31.345,34.784,12113.62,14302.48,25018.79,4.16,29.7
76,29.7,29.99,29.51,29.41,9303.29,0.21,0.72,30.268,30.945999999999998,34.089,11931.34,12860.62,23145.6,2.82,29.9
77,29.9,30.59,30.2,29.75,20252.4,0.69,2.34,30.088,30.7,33.436,13062.4,13276.13,22226.42,6.14,29.89
78,29.89,31.23,31.22,29.1,27387.04,1.02,3.38,30.184,30.548000000000002,32.929,15693.4,14743.16,21308.31,8.3,30.98
79,30.98,31.27,31.05,30.7,15012.51,-0.17,-0.55,30.256,30.45,32.591,17139.18,15019.07,19181.07,4.55,31.0
80,31.0,31.12,30.86,30.7,10067.34,-0.19,-0.61,30.568,30.499000000000002,32.302,16404.52,14259.07,17846.99,3.05,30.86
81,30.86,31.25,31.05,30.6,13693.74,0.19,0.62,30.875999999999998,30.572,32.03,17282.61,14606.97,17383.11,4.15,31.08
82,31.08,31.08,30.4,30.4,11372.1,-0.65,-2.09,30.916,30.502,31.691999999999997,15506.55,14284.47,16933.22,3.45,30.25
83,30.25,30.47,29.82,29.82,12561.76,-0.58,-1.91,30.636,30.41,31.315,12541.49,14117.45,16406.91,3.81,29.64
84,29.64,29.93,28.9,28.9,10895.11,-0.92,-3.08,30.206,30.230999999999998,30.951999999999998,11718.01,14428.6,15822.83,3.3,28.9
85,28.9,29.67,29.55,28.8,9897.11,0.65,2.25,29.944000000000003,30.256,30.801,11683.96,14044.24,14173.36,3.0,29.59
86,29.59,29.93,29.01,29.01,11354.5,-0.54,-1.83,29.535999999999998,30.206,30.576,11216.12,14249.36,13554.99,3.44,28.6
87,28.6,30.98,30.82,28.53,34951.22,1.81,6.24,29.62,30.268,30.484,15931.94,15719.24,14497.68,10.59,30.65
88,30.65,31.13,30.95,30.35,20266.88,0.13,0.42,29.846,30.241,30.395,17472.96,15007.23,14875.2,6.14,30.92
89,30.92,30.97,30.6,30.4,10779.13,-0.35,-1.13,30.186,30.195999999999998,30.323,17449.77,14583.89,14801.48,3.27,30.6
90,30.6,31.61,31.56,30.42,17767.45,0.96,3.14,30.588,30.266,30.383000000000003,19023.84,15353.9,14806.48,5.38,31.58
91,31.58,31.88,31.3,31.18,16893.57,-0.26,-0.82,31.046,30.291,30.432,20131.65,15673.88,15140.43,5.12,31.25
92,31.25,31.67,31.38,31.03,13398.82,0.08,0.26,31.158,30.389,30.445999999999998,15821.17,15876.55,15080.51,4.06,31.18
93,31.18,31.75,31.22,31.18,12735.01,-0.16,-0.51,31.212,30.529,30.47,14314.8,15893.88,15005.66,3.86,31.02
94,31.02,31.22,29.03,28.81,16538.77,-2.19,-7.01,30.898000000000003,30.541999999999998,30.386999999999997,15466.72,16458.25,15443.42,5.01,28.98
95,28.98,29.73,28.22,28.15,13117.16,-0.81,-2.79,30.23,30.409000000000002,30.333000000000002,14536.67,16780.25,15412.25,3.97,28.04
96,28.04,28.79,28.69,27.64,8150.61,0.47,1.67,29.708000000000002,30.377,30.291999999999998,12788.07,16459.86,15354.61,2.47,28.45
97,28.45,29.48,29.32,28.0,9771.02,0.63,2.2,29.296,30.226999999999997,30.248,12062.51,13941.84,14830.54,2.96,29.12
98,29.12,29.87,29.69,29.12,6390.03,0.37,1.26,28.99,30.101,30.171,10793.52,12554.16,13780.69,1.94,30.66
99,30.66,31.17,29.87,29.86,12521.7,0.18,0.61,29.158,30.028000000000002,30.112,9990.1,12728.41,13656.15,3.79,19.5
100,19.5,19.89,18.41,18.33,15019.56,-1.43,-7.21,27.195999999999998,28.713,29.49,10370.58,12453.63,13903.76,3.03,18.5
101,18.5,19.2,18.92,17.87,20275.44,0.51,2.77,25.241999999999997,27.475,28.883000000000003,12795.55,12791.81,14232.85,4.1,17.5
102,17.5,18.8,17.03,17.03,67987.5,-1.89,-9.99,22.784000000000002,26.04,28.215,24438.85,18250.68,17063.62,13.73,17.07
103,17.07,17.07,16.39,16.05,41686.15,-0.64,-3.76,20.124000000000002,24.557,27.543000000000003,31498.07,21145.79,18519.84,8.42,16.39
104,16.39,16.39,16.05,16.03,25008.74,-0.34,-2.07,17.36,23.259,26.901,33995.48,21992.79,19225.52,5.05,16.13
105,16.13,16.3,16.11,16.06,15358.95,0.06,0.37,16.9,22.048000000000002,26.229,34063.36,22216.97,19498.61,3.1,16.1
106,16.1,16.14,15.92,15.74,23329.53,-0.19,-1.18,16.3,20.771,25.574,34674.17,23734.86,20097.36,4.71,15.98
107,15.98,16.07,15.93,15.81,13403.72,0.01,0.06,16.08,19.432000000000002,24.83,23757.42,24098.13,19019.99,2.71,15.88
108,15.88,16.07,15.68,15.63,18857.24,-0.25,-1.57,15.937999999999999,18.031,24.066,19191.64,25344.85,18949.51,3.81,15.45
109,15.45,15.64,15.46,15.4,13168.87,-0.22,-1.4,15.82,16.59,23.309,16823.66,25409.57,19068.99,2.66,15.46
110,15.46,16.03,15.92,15.42,16562.75,0.46,2.98,15.782,16.340999999999998,22.526999999999997,17064.42,25563.89,19008.76,3.35,15.9
111,15.9,16.42,16.42,15.71,29972.98,0.5,3.14,15.882,16.090999999999998,21.783,18393.11,26533.64,19662.73,6.06,16.6
112,16.6,18.06,18.06,16.6,31265.1,1.64,9.99,16.308,16.194000000000003,21.116999999999997,21965.39,22861.4,20556.04,6.32,18.88
113,18.88,19.8,19.19,18.47,112738.04,1.13,6.26,17.01,16.474,20.516,40741.55,29966.59,25556.19,22.78,18.99
114,18.99,19.0,18.22,18.22,57799.87,-0.97,-5.05,17.562,16.691,19.975,49667.75,33245.71,27619.25,11.68,18.38
115,18.38,18.4,18.12,18.07,29229.92,-0.1,-0.55,18.002,16.892,19.47,52201.18,34632.8,28424.89,5.91,18.12
116,18.12,18.18,17.72,17.53,33457.08,-0.4,-2.21,18.262,17.072,18.922,52898.0,35645.56,29690.21,6.76,17.66
117,17.66,18.09,17.94,17.52,28510.26,0.22,1.24,18.238,17.273,18.352999999999998,52347.03,37156.21,30627.17,5.76,17.84
118,17.84,18.0,17.4,17.33,24406.67,-0.54,-3.01,17.88,17.445,17.738,34680.76,37711.15,31528.0,4.93,17.49
119,17.49,17.85,17.62,17.3,19904.0,0.22,1.26,17.76,17.660999999999998,17.125999999999998,27101.59,38384.67,31897.12,4.02,17.8
120,17.8,18.45,18.19,17.61,35680.55,0.57,3.23,17.774,17.887999999999998,17.115,28391.71,40296.45,32930.17,7.21,18.24
121,18.24,18.25,17.9,17.75,31197.53,-0.29,-1.59,17.81,18.035999999999998,17.064,27939.8,40418.9,33476.27,6.3,17.71
122,17.71,17.84,17.57,17.55,23934.46,-0.33,-1.84,17.736,17.987000000000002,17.090999999999998,27024.64,39685.84,31273.62,4.84,17.71
123,17.71,18.4,18.25,17.53,38501.13,0.68,3.87,17.906,17.893,17.184,29843.53,32262.15,31114.37,7.78,18.39
124,18.39,18.39,18.03,17.9,23970.6,-0.22,-1.21,17.988,17.874000000000002,17.283,30656.85,28879.22,31062.46,4.84,18.28
125,18.28,18.34,18.03,17.98,24483.86,0.0,0.0,17.956,17.865,17.379,28417.52,28404.61,31518.71,4.95,17.88
126,17.88,18.24,18.05,17.83,20182.29,0.02,0.11,17.986,17.898,17.485,26214.47,27077.14,31361.35,4.08,17.9
127,17.9,18.2,18.2,17.65,25861.51,0.15,0.83,18.112000000000002,17.924,17.599,26599.88,26812.26,31984.24,5.22,18.2
128,18.2,20.02,20.02,18.02,47783.62,1.82,10.0,18.465999999999998,18.186,17.816,28456.38,29149.96,33430.55,9.65,20.6
129,20.6,20.99,19.71,19.63,118154.79,-0.31,-1.55,18.802,18.395,18.028,47293.21,38975.03,38679.85,23.87,20.0
130,20.0,21.68,21.68,19.81,114769.8,1.97,9.99,19.532,18.744,18.316,65350.4,46883.96,43590.2,23.19,22.61
131,22.61,23.35,21.95,21.56,183534.88,0.27,1.25,20.312,19.149,18.593,98020.92,62117.69,51268.3,37.08,21.53
132,21.53,21.99,21.84,20.91,88737.26,-0.11,-0.5,21.04,19.576,18.782,110596.07,68597.97,54141.91,17.93,21.56
133,21.56,21.57,20.8,20.8,68935.94,-1.04,-4.76,21.195999999999998,19.831,18.862000000000002,114826.53,71641.46,51951.8,13.93,20.7
134,20.7,21.18,20.87,20.65,41656.01,0.07,0.34,21.428,20.115,18.995,99526.78,73410.0,51144.61,8.42,20.7
135,20.7,21.48,21.48,20.4,49916.54,0.61,2.92,21.388,20.46,19.163,86556.13,75953.26,52178.94,10.08,21.34
136,21.34,21.8,20.88,20.82,46911.29,-0.6,-2.79,21.174,20.743000000000002,19.320999999999998,59231.41,78626.16,52851.65,9.48,21.19
137,21.19,21.19,21.04,20.42,35283.74,0.16,0.77,21.014,21.026999999999997,19.476,48540.7,79568.39,53190.32,7.13,21.04
138,21.04,21.1,20.44,20.43,28706.5,-0.6,-2.85,20.941999999999997,21.069000000000003,19.628,40494.82,77660.68,53405.32,5.8,20.45
139,20.45,20.88,20.7,20.02,32771.95,0.26,1.27,20.908,21.168000000000003,19.782,38718.0,69122.39,54048.71,6.62,20.7
140,20.7,20.91,20.1,20.1,23650.56,-0.6,-2.9,20.631999999999998,21.01,19.877,33464.81,60010.47,53447.21,4.78,20.0
141,20.0,20.3,19.09,18.71,41931.3,-1.01,-5.03,20.274,20.724,19.937,32468.81,45850.11,53983.9,8.47,19.09
142,19.09,19.65,19.43,19.01,21120.25,0.34,1.78,19.952,20.483,20.03,29636.11,39088.41,53843.19,4.27,19.55
143,19.55,21.37,21.37,19.43,60042.37,1.94,9.98,20.137999999999998,20.54,20.186,35903.29,38199.05,54920.25,12.13,22.2
144,22.2,23.51,23.33,21.52,193084.84,1.96,9.17,20.664,20.785999999999998,20.451,67965.86,53341.93,63375.97,39.01,23.3
145,23.3,24.43,23.88,22.35,172770.0,0.55,2.36,21.42,21.026,20.743000000000002,97789.75,65627.28,70790.27,34.9,23.15
146,23.15,23.39,22.7,22.52,110786.63,-1.18,-4.94,22.142,21.208000000000002,20.976,111560.82,72014.81,75320.49,22.38,22.53
147,22.53,24.97,24.97,22.1,153062.73,2.27,10.0,23.25,21.601,21.314,137949.31,83792.71,81680.55,30.92,25.19
148,25.19,25.35,23.94,23.5,132832.88,-1.03,-4.12,23.764,21.951,21.51,152507.42,94205.35,85933.01,26.83,23.5
149,23.5,23.7,23.38,22.72,92121.06,-0.56,-2.34,23.774,22.219,21.694000000000003,132314.66,100140.26,84631.33,18.61,23.32
150,23.32,23.32,21.77,21.73,67317.02,-1.61,-6.89,23.351999999999997,22.386,21.698,111224.06,104506.91,82258.69,13.6,21.77
151,21.77,23.18,22.48,21.77,70905.99,0.71,3.26,23.308000000000003,22.725,21.725,103247.94,107404.38,76627.24,14.32,22.44
152,22.44,22.6,21.62,21.5,58969.63,-0.86,-3.83,22.638,22.944000000000003,21.714000000000002,84429.32,111189.32,75138.86,11.91,21.36
153,21.36,22.75,22.4,21.03,63023.55,0.78,3.61,22.33,23.046999999999997,21.794,70467.45,111487.43,74843.24,12.73,22.38
154,22.38,23.87,23.04,22.08,94760.69,0.64,2.86,22.261999999999997,23.018,21.901999999999997,70995.38,101655.02,77498.48,19.14,22.61
155,22.61,23.11,22.96,22.37,48669.55,-0.08,-0.35,22.5,22.926,21.976,67265.88,89244.97,77436.13,9.83,22.71
156,22.71,22.82,22.03,21.66,49848.5,-0.93,-4.05,22.41,22.859,22.034000000000002,63054.38,83151.16,77582.99,10.07,21.76
157,21.76,23.9,23.43,21.56,91935.14,1.4,6.36,22.772,22.705,22.153000000000002,69647.49,77038.4,80415.56,18.57,23.13
158,23.13,23.43,23.08,22.79,60557.75,-0.35,-1.49,22.908,22.619,22.285,69154.33,69810.89,82008.12,12.23,22.99
159,22.99,24.18,23.68,22.89,96393.02,0.6,2.6,23.035999999999998,22.649,22.434,69480.79,70238.08,85189.17,19.47,23.44
160,23.44,24.29,23.11,22.11,74841.25,-0.57,-2.41,23.066,22.783,22.585,74715.13,70990.51,87748.71,15.12,22.81
161,22.81,23.28,23.0,22.5,46102.03,-0.11,-0.48,23.26,22.835,22.78,73965.84,68510.11,87957.24,9.31,23.1
162,23.1,23.1,22.25,22.18,53499.61,-0.75,-3.26,23.024,22.898000000000003,22.921,66278.73,67963.11,89576.21,10.81,22.0
163,22.0,22.0,20.8,20.58,64957.54,-1.45,-6.52,22.568,22.738000000000003,22.893,67158.69,68156.51,89821.97,13.12,20.62
164,20.62,21.48,21.11,20.61,34544.66,0.31,1.49,22.054000000000002,22.545,22.781999999999996,54789.02,62134.91,81894.96,6.98,21.45
165,21.45,21.73,21.35,21.14,27271.62,0.24,1.14,21.701999999999998,22.384,22.655,45275.09,59995.11,74620.04,5.51,21.45
166,21.45,21.57,21.09,20.67,35654.0,-0.26,-1.22,21.32,22.29,22.575,43185.49,58575.66,70863.41,7.2,21.1
167,21.1,21.94,21.36,20.83,41575.73,0.27,1.28,21.142,22.083000000000002,22.394000000000002,40800.71,53539.72,65289.06,8.4,21.3
168,21.3,21.66,21.56,20.88,33477.19,0.2,0.94,21.294,21.930999999999997,22.275,34504.64,50831.67,60321.28,6.76,21.3
169,21.3,22.68,22.49,21.06,72554.64,0.93,4.31,21.57,21.811999999999998,22.230999999999998,42106.64,48447.83,59342.96,14.66,22.2
170,22.2,22.94,22.73,21.88,65742.22,0.24,1.07,21.846,21.774,22.279,49800.76,47537.92,59264.22,13.28,22.72
171,22.72,22.72,22.03,21.98,39133.84,-0.7,-3.08,22.034000000000002,21.677,22.256,50496.72,46841.11,57675.61,7.91,21.88
172,21.88,21.9,21.15,21.11,29977.99,-0.88,-4.0,21.991999999999997,21.566999999999997,22.233,48177.18,44488.94,56226.03,6.06,21.2
173,21.2,21.43,20.1,20.08,30566.63,-1.05,-4.96,21.7,21.497,22.118000000000002,47595.06,41049.85,54603.18,6.18,20.01
174,20.01,20.38,18.1,18.09,49569.83,-2.0,-9.95,20.822,21.195999999999998,21.871,42998.1,42552.37,52343.64,10.01,18.17
175,18.17,18.69,18.53,17.31,24540.98,0.43,2.38,19.982,20.914,21.649,34757.85,42279.31,51137.21,4.96,18.54
176,18.54,18.98,18.39,18.2,24859.89,-0.14,-0.76,19.254,20.644000000000002,21.467,31903.06,41199.89,49887.78,5.02,18.48
177,18.48,18.78,18.18,18.13,21227.56,-0.21,-1.14,18.66,20.326,21.205,30152.98,39165.08,46352.4,4.29,18.03
178,18.03,18.3,17.17,17.17,28464.31,-1.01,-5.56,18.074,19.887,20.909000000000002,29732.51,38663.79,44747.73,5.75,16.85
179,16.85,17.35,17.15,16.85,13899.75,-0.02,-0.12,17.884,19.352999999999998,20.583000000000002,22598.5,32798.3,40623.06,2.81,17.15
180,17.15,17.32,16.55,16.51,17540.99,-0.6,-3.5,17.488,18.735,20.255,21198.5,27978.18,37758.05,3.54,16.56
181,16.56,17.1,17.05,16.56,19148.57,0.5,3.02,17.22,18.237000000000002,19.957,20056.24,25979.65,36410.38,3.87,16.96
182,16.96,17.59,16.71,16.49,18584.6,-0.34,-1.99,16.926,17.793,19.68,19527.64,24840.31,34664.63,3.75,16.61
183,16.61,17.0,16.88,16.61,14583.5,0.17,1.02,16.868,17.471,19.484,16751.48,23242.0,32145.93,2.95,16.9
184,16.9,18.57,18.57,16.89,30012.4,1.69,10.01,17.152,17.518,19.357,19974.01,21286.26,31919.31,6.06,18.69
185,18.69,18.69,18.35,17.73,42294.35,-0.22,-1.19,17.512,17.5,19.207,24924.68,23061.59,32670.45,8.54,18.01
186,18.01,19.38,18.57,17.77,46599.29,0.22,1.2,17.816,17.518,19.081,30414.83,25235.53,33217.71,9.41,18.21
187,18.21,18.89,18.55,17.93,37552.75,-0.02,-0.11,18.184,17.555,18.941,34208.46,26868.05,33016.56,7.59,18.22
188,18.22,18.58,18.29,17.85,27519.1,-0.26,-1.4,18.465999999999998,17.667,18.777,36795.58,26773.53,32718.66,5.56,18.21
189,18.21,19.5,18.92,17.91,46343.9,0.63,3.44,18.535999999999998,17.844,18.599,40061.88,30017.95,31408.12,9.36,18.8
190,18.8,19.18,18.92,18.51,32460.88,0.0,0.0,18.65,18.081,18.408,38095.18,31509.93,29744.06,6.56,18.88
191,18.88,19.08,18.1,18.01,24766.43,-0.82,-4.33,18.555999999999997,18.186,18.212,33728.61,32071.72,29025.69,5.0,18.12
192,18.12,18.87,18.42,18.12,18744.53,0.32,1.77,18.53,18.357,18.075,29966.97,32087.71,28464.01,3.79,18.18
193,18.18,18.45,18.31,18.07,17315.98,-0.11,-0.6,18.534000000000002,18.5,17.986,27926.34,32360.96,27801.48,3.5,18.31
194,18.31,18.75,18.69,18.12,27949.71,0.38,2.08,18.488,18.512,18.015,24247.51,32154.69,26720.47,5.65,18.7
195,18.7,18.71,17.35,16.82,32143.66,-1.34,-7.17,18.174,18.412,17.956,24184.06,31139.62,27100.61,6.49,17.24
196,17.24,17.75,17.43,16.91,19817.66,0.08,0.46,18.04,18.298,17.908,23194.31,28461.46,26848.5,4.0,17.56
197,17.56,17.56,17.05,17.02,14510.0,-0.38,-2.18,17.766,18.148,17.852,22347.4,26157.19,26512.62,2.93,17.08
198,17.08,17.48,17.27,16.93,15020.85,0.22,1.29,17.558,18.046,17.857,21888.38,24907.36,25840.45,3.03,17.23
199,17.23,18.9,17.6,17.15,25847.45,0.33,1.91,17.34,17.914,17.879,21467.92,22857.72,26437.83,5.22,17.4
200,17.4,17.41,17.08,16.91,19302.01,-0.52,-2.96,17.285999999999998,17.73,17.906,18899.59,21541.83,26525.88,3.9,16.89
201,16.89,17.8,17.34,16.58,24920.63,0.26,1.52,17.268,17.654,17.92,19920.19,21557.25,26814.48,5.03,17.1
202,17.1,17.5,17.21,17.01,21905.57,-0.13,-0.75,17.3,17.533,17.945,21399.3,21873.35,26980.53,4.43,17.11
203,17.11,18.2,17.37,16.67,27925.74,0.16,0.93,17.32,17.439,17.97,23980.28,22934.33,27647.64,3.24,17.2
204,17.2,17.69,17.6,17.02,22726.4,0.23,1.32,17.32,17.33,17.921,23356.07,22412.0,27283.34,2.64,17.6
205,17.6,17.77,17.66,17.42,18411.12,0.06,0.34,17.436,17.361,17.887,23177.89,21038.74,26089.18,2.14,17.56
206,17.56,17.87,17.73,17.3,25420.72,0.07,0.4,17.514,17.391,17.845,23277.91,21599.05,25030.25,2.95,17.6
207,17.6,18.35,18.24,17.52,40197.86,0.51,2.88,17.72,17.51,17.829,26936.37,24167.84,25162.51,4.67,18.2
208,18.2,18.2,17.88,17.8,25551.44,-0.36,-1.97,17.822,17.570999999999998,17.809,26461.51,25220.89,25064.13,2.97,17.84
209,17.84,17.99,17.47,17.45,21446.95,-0.41,-2.29,17.796,17.558,17.736,26205.62,24780.84,23819.28,2.49,17.4
210,17.4,17.59,17.32,17.3,14087.0,-0.15,-0.86,17.727999999999998,17.582,17.656,25340.79,24259.34,22900.59,1.64,17.26
211,17.26,17.47,16.86,16.77,20427.0,-0.46,-2.66,17.554000000000002,17.534000000000002,17.594,24342.05,23809.98,22683.61,2.37,16.81
212,16.81,17.25,17.2,16.65,14917.5,0.34,2.02,17.346,17.533,17.533,19285.98,23111.17,22492.26,1.73,17.11
213,17.11,17.27,16.87,16.83,12645.0,-0.33,-1.92,17.144000000000002,17.483,17.461,16704.69,21583.1,22258.71,1.47,16.29
214,16.29,16.29,15.18,15.18,44256.8,-1.69,-10.02,16.686,17.241,17.285999999999998,21266.66,23736.14,23074.07,5.14,15.0
215,15.0,15.25,15.05,14.77,18664.1,-0.13,-0.86,16.232,16.98,17.171,22182.08,23761.44,22400.09,2.17,15.1
216,15.1,15.24,15.05,14.5,17849.6,0.0,0.0,15.87,16.712,17.052,21666.6,23004.33,22301.69,2.07,15.11
217,15.11,15.23,15.03,14.96,14463.55,-0.02,-0.13,15.436,16.391,16.951,21575.81,20430.89,22299.36,1.68,15.0
218,15.0,15.0,14.58,14.52,22962.97,-0.45,-2.99,14.978,16.061,16.816,23639.4,20172.05,22696.47,2.67,14.53
219,14.53,14.74,14.67,14.13,16552.5,0.09,0.62,14.876,15.780999999999999,16.67,18098.54,19682.6,22231.72,1.92,14.72
220,14.72,14.99,14.8,14.56,13721.55,0.13,0.89,14.825999999999999,15.529000000000002,16.555999999999997,17110.03,19646.06,21952.7,1.59,14.7
221,14.7,15.1,15.07,14.63,15688.1,0.27,1.82,14.83,15.35,16.442,16677.73,19172.17,21491.07,1.82,15.07
222,15.07,15.3,14.93,14.9,18213.5,-0.14,-0.93,14.81,15.123,16.328,17427.72,19501.77,21306.47,2.11,14.95
223,14.95,15.05,14.7,14.67,11522.38,-0.23,-1.54,14.834000000000001,14.905999999999999,16.195,15139.61,19389.5,20486.3,1.34,14.7
224,14.7,14.78,14.34,14.3,11654.5,-0.36,-2.45,14.767999999999999,14.822000000000001,16.032,14160.01,16129.28,19932.71,1.35,14.47
225,14.47,14.47,14.44,14.25,7108.41,0.1,0.7,14.696,14.761,15.870999999999999,12837.38,14973.71,19367.57,0.83,14.45
226,14.45,14.45,13.67,13.65,19552.26,-0.77,-5.33,14.415999999999999,14.623,15.668,13610.21,15143.97,19074.15,2.27,13.86
227,13.86,15.04,15.04,13.68,39838.41,1.37,10.02,14.437999999999999,14.624,15.508,17935.19,17681.46,19056.18,4.62,15.3
228,15.3,16.2,15.57,15.04,74859.01,0.53,3.52,14.612,14.722999999999999,15.392000000000001,30602.52,22871.06,21521.55,8.69,14.69
229,14.69,15.32,14.92,14.52,48230.31,-0.65,-4.17,14.728,14.748,15.265,37917.68,26038.84,22860.72,5.6,14.19
230,14.19,14.52,13.52,13.43,40558.03,-1.4,-9.38,14.544,14.62,15.075,44607.6,28722.49,24184.27,4.71,13.99
231,13.99,14.4,13.94,13.2,32370.25,0.42,3.11,14.597999999999999,14.507,14.929,47171.2,30390.71,24781.44,3.76,13.75
232,13.75,15.33,15.33,13.55,31360.8,1.39,9.97,14.655999999999999,14.547,14.835,45475.68,31705.44,25603.6,3.64,14.89
233,14.89,15.68,14.96,14.67,54584.4,-0.37,-2.41,14.534,14.573,14.74,41420.76,36011.64,27700.57,6.34,14.96
234,14.96,15.77,15.36,14.92,40952.38,0.4,2.67,14.622,14.675,14.749,39965.17,38941.43,27535.35,4.75,15.26
235,15.26,15.4,14.91,14.91,30730.83,-0.45,-2.93,14.9,14.722000000000001,14.742,37999.73,41303.67,28138.69,3.57,14.75
